{
  "HTTP Request-3" : {
    "transaction" : "HTTP Request-3",
    "sampleCount" : 366,
    "errorCount" : 0,
    "errorPct" : 0.0,
    "meanResTime" : 382.8715846994534,
    "medianResTime" : 377.5,
    "minResTime" : 241.0,
    "maxResTime" : 541.0,
    "pct1ResTime" : 507.3,
    "pct2ResTime" : 517.65,
    "pct3ResTime" : 531.99,
    "throughput" : 8.015242099730635,
    "receivedKBytesPerSec" : 10.446906891246742,
    "sentKBytesPerSec" : 1.3756308102292887
  },
  "HTTP Request-16" : {
    "transaction" : "HTTP Request-16",
    "sampleCount" : 364,
    "errorCount" : 0,
    "errorPct" : 0.0,
    "meanResTime" : 47.55494505494509,
    "medianResTime" : 40.0,
    "minResTime" : 38.0,
    "maxResTime" : 265.0,
    "pct1ResTime" : 63.0,
    "pct2ResTime" : 64.0,
    "pct3ResTime" : 73.35000000000002,
    "throughput" : 7.963420770526593,
    "receivedKBytesPerSec" : 7.844034407884661,
    "sentKBytesPerSec" : 2.431247299492441
  },
  "HTTP Request-2" : {
    "transaction" : "HTTP Request-2",
    "sampleCount" : 366,
    "errorCount" : 0,
    "errorPct" : 0.0,
    "meanResTime" : 385.7431693989071,
    "medianResTime" : 388.0,
    "minResTime" : 38.0,
    "maxResTime" : 539.0,
    "pct1ResTime" : 505.0,
    "pct2ResTime" : 522.0,
    "pct3ResTime" : 537.0,
    "throughput" : 8.090543348512313,
    "receivedKBytesPerSec" : 6.131050119644989,
    "sentKBytesPerSec" : 3.0220807866174457
  },
  "HTTP Request-15" : {
    "transaction" : "HTTP Request-15",
    "sampleCount" : 364,
    "errorCount" : 0,
    "errorPct" : 0.0,
    "meanResTime" : 378.92582417582435,
    "medianResTime" : 374.5,
    "minResTime" : 239.0,
    "maxResTime" : 539.0,
    "pct1ResTime" : 510.5,
    "pct2ResTime" : 523.75,
    "pct3ResTime" : 537.35,
    "throughput" : 7.923378319547236,
    "receivedKBytesPerSec" : 6.75305510584458,
    "sentKBytesPerSec" : 1.3508831152046148
  },
  "HTTP Request-5" : {
    "transaction" : "HTTP Request-5",
    "sampleCount" : 364,
    "errorCount" : 0,
    "errorPct" : 0.0,
    "meanResTime" : 383.5851648351647,
    "medianResTime" : 383.5,
    "minResTime" : 39.0,
    "maxResTime" : 543.0,
    "pct1ResTime" : 505.5,
    "pct2ResTime" : 527.75,
    "pct3ResTime" : 539.35,
    "throughput" : 8.078476630121177,
    "receivedKBytesPerSec" : 6.111458945969639,
    "sentKBytesPerSec" : 3.0201091509831772
  },
  "HTTP Request-14" : {
    "transaction" : "HTTP Request-14",
    "sampleCount" : 364,
    "errorCount" : 0,
    "errorPct" : 0.0,
    "meanResTime" : 388.97527472527497,
    "medianResTime" : 388.5,
    "minResTime" : 39.0,
    "maxResTime" : 539.0,
    "pct1ResTime" : 513.5,
    "pct2ResTime" : 525.0,
    "pct3ResTime" : 537.0,
    "throughput" : 7.931492820255813,
    "receivedKBytesPerSec" : 6.00026403127928,
    "sentKBytesPerSec" : 2.96515978744035
  },
  "HTTP Request-4" : {
    "transaction" : "HTTP Request-4",
    "sampleCount" : 364,
    "errorCount" : 0,
    "errorPct" : 0.0,
    "meanResTime" : 48.00274725274724,
    "medianResTime" : 40.0,
    "minResTime" : 37.0,
    "maxResTime" : 535.0,
    "pct1ResTime" : 63.0,
    "pct2ResTime" : 63.0,
    "pct3ResTime" : 68.35000000000002,
    "throughput" : 8.12971813999196,
    "receivedKBytesPerSec" : 8.007838673113861,
    "sentKBytesPerSec" : 2.4820181983405547
  },
  "HTTP Request-13" : {
    "transaction" : "HTTP Request-13",
    "sampleCount" : 364,
    "errorCount" : 0,
    "errorPct" : 0.0,
    "meanResTime" : 48.03571428571431,
    "medianResTime" : 40.0,
    "minResTime" : 38.0,
    "maxResTime" : 454.0,
    "pct1ResTime" : 63.0,
    "pct2ResTime" : 63.0,
    "pct3ResTime" : 79.20000000000073,
    "throughput" : 8.006510788993246,
    "receivedKBytesPerSec" : 7.886478427512483,
    "sentKBytesPerSec" : 2.444402762961089
  },
  "HTTP Request-19" : {
    "transaction" : "HTTP Request-19",
    "sampleCount" : 364,
    "errorCount" : 0,
    "errorPct" : 0.0,
    "meanResTime" : 48.57142857142855,
    "medianResTime" : 40.0,
    "minResTime" : 37.0,
    "maxResTime" : 403.0,
    "pct1ResTime" : 63.0,
    "pct2ResTime" : 64.0,
    "pct3ResTime" : 150.1500000000034,
    "throughput" : 7.929937693346695,
    "receivedKBytesPerSec" : 7.811053303777613,
    "sentKBytesPerSec" : 2.4210248532199032
  },
  "HTTP Request-1" : {
    "transaction" : "HTTP Request-1",
    "sampleCount" : 464,
    "errorCount" : 0,
    "errorPct" : 0.0,
    "meanResTime" : 170.7241379310344,
    "medianResTime" : 107.0,
    "minResTime" : 98.0,
    "maxResTime" : 519.0,
    "pct1ResTime" : 341.0,
    "pct2ResTime" : 345.75,
    "pct3ResTime" : 356.35,
    "throughput" : 9.763282482903735,
    "receivedKBytesPerSec" : 176.63672080483957,
    "sentKBytesPerSec" : 2.7065524723829566
  },
  "HTTP Request-18" : {
    "transaction" : "HTTP Request-18",
    "sampleCount" : 364,
    "errorCount" : 0,
    "errorPct" : 0.0,
    "meanResTime" : 390.3104395604399,
    "medianResTime" : 385.0,
    "minResTime" : 241.0,
    "maxResTime" : 542.0,
    "pct1ResTime" : 512.0,
    "pct2ResTime" : 524.0,
    "pct3ResTime" : 540.0,
    "throughput" : 7.899134133373842,
    "receivedKBytesPerSec" : 6.732391909084003,
    "sentKBytesPerSec" : 1.3467496432911612
  },
  "HTTP Request-0" : {
    "transaction" : "HTTP Request-0",
    "sampleCount" : 464,
    "errorCount" : 0,
    "errorPct" : 0.0,
    "meanResTime" : 408.95689655172436,
    "medianResTime" : 408.5,
    "minResTime" : 247.0,
    "maxResTime" : 622.0,
    "pct1ResTime" : 575.5,
    "pct2ResTime" : 588.75,
    "pct3ResTime" : 601.35,
    "throughput" : 9.729707060328378,
    "receivedKBytesPerSec" : 8.517507313007192,
    "sentKBytesPerSec" : 1.653290066891736
  },
  "HTTP Request-17" : {
    "transaction" : "HTTP Request-17",
    "sampleCount" : 364,
    "errorCount" : 0,
    "errorPct" : 0.0,
    "meanResTime" : 386.71428571428555,
    "medianResTime" : 388.0,
    "minResTime" : 40.0,
    "maxResTime" : 539.0,
    "pct1ResTime" : 516.0,
    "pct2ResTime" : 529.0,
    "pct3ResTime" : 537.35,
    "throughput" : 7.905481713143949,
    "receivedKBytesPerSec" : 5.980586334538702,
    "sentKBytesPerSec" : 2.9554356295065594
  },
  "HTTP Request-12" : {
    "transaction" : "HTTP Request-12",
    "sampleCount" : 364,
    "errorCount" : 0,
    "errorPct" : 0.0,
    "meanResTime" : 389.36813186813185,
    "medianResTime" : 386.5,
    "minResTime" : 242.0,
    "maxResTime" : 540.0,
    "pct1ResTime" : 504.5,
    "pct2ResTime" : 520.0,
    "pct3ResTime" : 534.0500000000001,
    "throughput" : 7.955066984286557,
    "receivedKBytesPerSec" : 6.780063193882904,
    "sentKBytesPerSec" : 1.3562858210219202
  },
  "HTTP Request-11" : {
    "transaction" : "HTTP Request-11",
    "sampleCount" : 364,
    "errorCount" : 0,
    "errorPct" : 0.0,
    "meanResTime" : 389.36813186813197,
    "medianResTime" : 389.0,
    "minResTime" : 39.0,
    "maxResTime" : 542.0,
    "pct1ResTime" : 507.5,
    "pct2ResTime" : 525.0,
    "pct3ResTime" : 538.7,
    "throughput" : 7.971792120190096,
    "receivedKBytesPerSec" : 6.030750907503121,
    "sentKBytesPerSec" : 2.9802255343728783
  },
  "HTTP Request-10" : {
    "transaction" : "HTTP Request-10",
    "sampleCount" : 364,
    "errorCount" : 0,
    "errorPct" : 0.0,
    "meanResTime" : 49.159340659340636,
    "medianResTime" : 40.0,
    "minResTime" : 37.0,
    "maxResTime" : 373.0,
    "pct1ResTime" : 63.0,
    "pct2ResTime" : 64.0,
    "pct3ResTime" : 249.05000000000007,
    "throughput" : 8.056305608428136,
    "receivedKBytesPerSec" : 7.935526730777743,
    "sentKBytesPerSec" : 2.4596052147425964
  },
  "HTTP Request-21" : {
    "transaction" : "HTTP Request-21",
    "sampleCount" : 364,
    "errorCount" : 364,
    "errorPct" : 100.0,
    "meanResTime" : 387.4148351648355,